"","agegroup","covid_numbers","policies_UK","rp_mean_norm","dospert_beta","objectiverisk_totalscore","numeracy_total","numeracy3","risktaking_mean","rp_individual_mean","rp_other_mean","risktaking_enforced","risktaking_recommendations"
"1","younger",5,6,0.444444444444444,-0.933333333333333,5,11,1,2.375,0.0833333333333333,0.583333333333333,1.5,3.25
"2","younger",3,5,0.777777777777778,-0.915841584158415,2,11,1,1.7,0.5,1,1,2.16666666666667
"3","younger",5,6,0.388888888888889,-0.432432432432432,1,11,1,2.3,0.291666666666667,0.458333333333333,1.5,2.83333333333333
"4","younger",3,3,0.444444444444444,-0.742268041237111,2,9,1,2.9,0.458333333333333,0.625,2.5,3.16666666666667
"5","younger",2,6,0.75,-0.538461538461538,1,8,0,1.88888888888889,0.583333333333333,0.833333333333333,1.33333333333333,2.16666666666667
"6","younger",6,7,0.805555555555556,-0.00000000000000101074702027768,1,11,1,1.9,0.583333333333333,0.916666666666667,1.5,2.16666666666667
"7","younger",3,3,0.777777777777778,-3.5,1,11,1,2.11111111111111,0.583333333333333,0.916666666666667,1,2.66666666666667
"8","younger",3,3,0.777777777777778,-0.312499999999997,0,9,0,2.33333333333333,0.5,0.916666666666667,1.33333333333333,2.83333333333333
"9","younger",3,7,0.902777777777778,-0.000000000000000135973995551052,1,9,1,2.1,0.791666666666667,0.916666666666667,1.25,2.66666666666667
"10","younger",3,3,0.708333333333333,-0.814814814814814,2,10,1,2.22222222222222,0.5,0.708333333333333,1,2.83333333333333
"11","younger",6,5,0.847222222222222,-0.465116279069768,1,10,1,2,0.708333333333333,1,1,2.5
"12","younger",7,7,0.527777777777778,-0.222222222222222,2,10,1,2.8,0.541666666666667,0.916666666666667,2,3.33333333333333
"13","younger",2,7,0.75,NA,2,10,1,1.2,0.5,0.75,1,1.33333333333333
"14","younger",6,5,0.472222222222222,-0.673913043478261,1,6,0,2.1,0.208333333333333,0.583333333333333,1.25,2.66666666666667
"15","younger",3,7,0.694444444444444,0.0250000000000015,0,10,1,1.22222222222222,0.5,0.75,1,1.33333333333333
"16","younger",7,4,0.208333333333333,-0.45205479452055,1,11,1,3.5,0,0.375,2.5,4.16666666666667
"17","younger",3,7,0.375,-1.28846153846154,0,8,1,2.11111111111111,0.0833333333333333,0.708333333333333,2,2.16666666666667
"18","younger",3,3,0.388888888888889,-1.13793103448276,0,9,1,2.55555555555556,0.0833333333333333,0.333333333333333,1.66666666666667,3
"19","younger",1,4,0.541666666666667,-0.260869565217392,3,1,0,1.3,0.208333333333333,0.583333333333333,1,1.5
"20","younger",1,6,0.805555555555556,NA,3,9,1,1.3,0.583333333333333,1,1.25,1.33333333333333
"21","younger",3,7,0.597222222222222,-0.622350674373795,2,10,1,2.1,0.5,0.75,1.75,2.33333333333333
"22","younger",3,7,0.541666666666667,-1.66666666666667,3,10,0,2.4,0.291666666666667,0.75,1.5,3
"23","younger",3,5,0.416666666666667,-0.743801652892562,1,11,1,2,0.291666666666667,0.5,1.33333333333333,2.33333333333333
"24","younger",3,3,0.638888888888889,0.000000000000000108779196440844,0,10,1,2.11111111111111,0.5,0.75,1.33333333333333,2.5
"25","younger",5,6,0.527777777777778,0.249999999999998,1,11,1,2.3,0.333333333333333,0.708333333333333,1.75,2.66666666666667
"26","younger",1,3,0.805555555555556,-0.599999999999999,3,11,1,1.66666666666667,1,0.5,1,2.2
"27","younger",3,3,0.722222222222222,NA,0,9,0,1,0.5,0.75,1,1
"28","younger",3,5,0.763888888888889,-1.14285714285714,1,10,1,1.6,0.666666666666667,0.791666666666667,1,2
"29","younger",5,5,0.416666666666667,NA,0,9,0,2.6,0.291666666666667,0.666666666666667,2.25,2.83333333333333
"30","younger",6,3,0.763888888888889,-0.00000000000000570982855246872,0,11,1,2,0.916666666666667,0.833333333333333,1.5,2.33333333333333
"31","younger",3,3,0.875,-0.887096774193548,1,11,1,2,0.708333333333333,0.916666666666667,1.33333333333333,2.33333333333333
"32","younger",3,5,0.708333333333333,-0.250000000000001,0,11,1,1.2,0.458333333333333,0.833333333333333,1,1.33333333333333
"33","younger",3,3,0.861111111111111,-0.555299539170507,1,11,1,2.1,1,0.916666666666667,2.25,2
"34","younger",2,5,0.75,-0.461538461538462,1,11,1,2.7,0.708333333333333,0.833333333333333,1.5,3.5
"35","younger",3,5,0.694444444444444,-0.521739130434784,0,11,1,1.55555555555556,0.708333333333333,0.458333333333333,1.33333333333333,1.66666666666667
"36","younger",4,4,0.166666666666667,0.889610389610391,1,7,0,2.3,0,0.25,2.25,2.33333333333333
"37","younger",2,5,0.694444444444444,-0.666666666666667,0,9,0,1.7,0.5,0.833333333333333,1.25,2
"38","younger",7,5,0.680555555555556,3.75,1,10,0,2.1,0.375,1,1.25,2.66666666666667
"39","younger",2,6,0.305555555555556,-0.382252559726962,1,11,1,3.5,0.333333333333333,0.333333333333333,2.75,4
"40","younger",3,7,0.736111111111111,-0.573770491803278,1,11,1,2.1,0.625,0.75,1.5,2.5
"41","younger",3,4,0.75,0.500000000000001,0,6,0,1.33333333333333,0.5,0.75,1,1.5
"42","younger",3,5,0.972222222222222,-0.242424242424242,1,9,0,2.22222222222222,1,1,1.66666666666667,2.5
"43","younger",1,3,0.875,-1.125,1,10,1,2,0.708333333333333,0.916666666666667,1.25,2.5
"44","younger",3,4,0.555555555555556,0.217391304347825,2,10,1,2.3,0.5,0.625,1.75,2.66666666666667
"45","younger",3,3,0.625,-1.3,0,8,0,1.9,0.5,0.708333333333333,1,2.5
"46","younger",7,3,0.708333333333333,0.499999999999995,1,8,1,2,0.583333333333333,0.916666666666667,1.25,2.5
"47","younger",7,4,0.569444444444444,0.534482758620689,0,11,1,1.1,0.416666666666667,0.666666666666667,1.25,1
"48","younger",3,2,0.513888888888889,-0.344827586206897,1,7,1,1.6,0.291666666666667,0.333333333333333,1.5,1.66666666666667
"49","younger",2,5,0.736111111111111,0.0243902439024382,0,10,1,1.77777777777778,0.458333333333333,0.833333333333333,1.33333333333333,2
"50","younger",2,5,0.583333333333333,-0.269230769230769,1,7,0,1.9,0.291666666666667,0.541666666666667,1.5,2.16666666666667
"51","younger",2,6,0.930555555555556,0.694444444444446,2,10,1,1.4,0.791666666666667,1,1.25,1.5
"52","younger",2,6,0.208333333333333,-0.558139534883721,1,11,1,3.1,0.0833333333333333,0.208333333333333,2,3.83333333333333
"53","younger",2,7,0.722222222222222,-0.763157894736842,2,8,0,1.625,0.416666666666667,0.75,1.33333333333333,1.8
"54","younger",2,6,0.625,-0.309644670050763,2,8,1,2.1,0.583333333333333,0.625,1.5,2.5
"55","younger",7,6,0.5,-0.479166666666666,3,7,0,1.7,0.208333333333333,0.75,1.5,1.83333333333333
"56","younger",6,5,0.486111111111111,-0.990099009900989,0,11,1,1.9,0.208333333333333,0.666666666666667,1,2.5
"57","younger",6,4,0.638888888888889,-0.431192660550459,1,10,0,2.5,0.458333333333333,0.833333333333333,1.75,3
"58","younger",5,4,0.819444444444444,-0.714285714285715,1,11,1,1.9,0.833333333333333,0.708333333333333,1.25,2.33333333333333
"59","younger",2,5,0.902777777777778,-0.999999999999997,2,11,1,1.1,0.791666666666667,0.916666666666667,1,1.16666666666667
"60","younger",7,3,0.611111111111111,-1.21649484536083,1,11,1,1.77777777777778,0.458333333333333,0.625,1,2.16666666666667
"61","younger",2,6,0.805555555555556,-1.63157894736842,2,11,1,1.7,0.583333333333333,0.916666666666667,1.5,1.83333333333333
"62","younger",3,6,0.597222222222222,-0.925,2,11,1,2.11111111111111,0.458333333333333,0.916666666666667,1.66666666666667,2.33333333333333
"63","younger",3,4,0.541666666666667,-0.378737541528239,1,9,1,2.7,0.375,0.833333333333333,1.5,3.5
"64","younger",2,6,0.722222222222222,-0.399999999999997,5,11,1,1.8,0.5,0.75,1.25,2.16666666666667
"65","younger",6,6,0.861111111111111,-1.60869565217391,3,8,0,1.8,0.666666666666667,0.916666666666667,1,2.33333333333333
"66","younger",1,6,0.902777777777778,-0.0909090909090903,1,11,1,1.11111111111111,0.791666666666667,1,1.33333333333333,1
"67","younger",3,4,0.472222222222222,-0.866666666666668,2,11,1,1.88888888888889,0.375,0.416666666666667,1,2.33333333333333
"68","younger",3,5,0.597222222222222,-0.761904761904762,0,10,1,2.5,0.5,0.625,2,2.83333333333333
"69","younger",3,3,0.833333333333333,NA,1,11,1,2.5,0.75,0.833333333333333,1.75,3
"70","younger",1,6,0.722222222222222,-0.0882352941176474,1,10,1,1.88888888888889,0.5,0.833333333333333,1.33333333333333,2.16666666666667
"71","younger",3,3,0.694444444444444,-0.345833333333332,1,10,1,1.9,0.791666666666667,0.708333333333333,1.5,2.16666666666667
"72","younger",3,3,0.569444444444444,-0.666666666666666,2,5,0,1.7,0.416666666666667,0.708333333333333,1.25,2
"73","younger",3,5,0.444444444444444,0.999999999999997,2,6,0,1.7,0.0833333333333333,0.458333333333333,1.5,1.83333333333333
"74","younger",3,3,0.361111111111111,-0.636363636363636,1,10,1,1.44444444444444,0.0833333333333333,0.291666666666667,1.33333333333333,1.5
"75","younger",7,3,0.347222222222222,-0.240384615384615,2,10,1,3.77777777777778,0.208333333333333,0.208333333333333,2,4.66666666666667
"76","younger",1,7,1,-0.613636363636363,2,10,1,2.7,1,1,1.75,3.33333333333333
"77","younger",7,7,0.375,-0.97969543147208,2,11,1,3.7,0.291666666666667,0.625,2.75,4.33333333333333
"78","younger",1,6,0.430555555555556,-1.27777777777778,1,9,1,2.22222222222222,0.291666666666667,0.458333333333333,1.33333333333333,2.66666666666667
"79","younger",7,5,0.847222222222222,0.857142857142858,1,11,1,1.71428571428571,0.791666666666667,1,1,1.83333333333333
"80","younger",3,6,0.652777777777778,0.2,3,10,1,1.625,0.208333333333333,0.75,1.33333333333333,1.8
"81","younger",4,7,0.444444444444444,-1.25,1,11,1,2.1,0.291666666666667,0.5,1.5,2.5
"82","younger",2,3,0.597222222222222,0.0454545454545454,2,9,0,1.7,0.625,0.458333333333333,1.25,2
"83","younger",2,5,0.625,NA,1,6,0,1.7,0.5,0.625,1.75,1.66666666666667
"84","younger",4,6,0.597222222222222,NA,0,7,0,2,0.291666666666667,0.666666666666667,1.75,2.16666666666667
"85","younger",5,7,0.347222222222222,-0.00000000000000090649330367368,1,6,1,2.8,0.375,0.416666666666667,2.25,3.16666666666667
"86","younger",1,5,0.75,0.363636363636364,1,10,1,2.8,0.5,0.916666666666667,1.5,3.66666666666667
"87","younger",2,6,0.819444444444444,-0.51470588235294,1,8,0,1.6,0.541666666666667,1,1,2
"88","younger",2,5,0.583333333333333,-1.08108108108108,1,10,1,1.6,0.291666666666667,0.625,1.25,1.83333333333333
"89","younger",2,5,0.638888888888889,0.578125000000002,0,9,1,2.2,0.375,0.708333333333333,1.25,2.83333333333333
"90","younger",3,5,0.555555555555556,-1.00722891566265,2,11,1,1.8,0.583333333333333,0.541666666666667,1.75,1.83333333333333
"91","younger",5,5,0.375,-2,1,6,0,2.33333333333333,0.291666666666667,0.416666666666667,2.33333333333333,2.33333333333333
"92","younger",3,5,0.722222222222222,-0.461764705882354,0,7,0,2,0.5,0.833333333333333,1.33333333333333,2.33333333333333
"93","younger",3,3,0.694444444444444,-0.807692307692306,2,9,1,1.8,0.458333333333333,0.791666666666667,1,2.33333333333333
"94","younger",3,6,0.555555555555556,-1.25563909774436,1,11,1,1.9,0.375,0.833333333333333,1.5,2.16666666666667
"95","younger",2,3,0.652777777777778,-0.528248587570622,1,9,0,2.4,0.708333333333333,0.708333333333333,2,2.66666666666667
"96","younger",5,6,0.583333333333333,-0.304347826086957,0,7,0,2.1,0.375,0.625,1.5,2.5
"97","younger",6,3,0.5,-0.625,1,11,1,2,0.583333333333333,0.333333333333333,1,2.66666666666667
"98","younger",1,7,0.694444444444444,0.0833333333333336,2,8,0,2.33333333333333,0.5,0.833333333333333,1.66666666666667,2.66666666666667
"99","younger",2,2,0.791666666666667,-0.333333333333334,0,6,0,1.4,0.708333333333333,0.666666666666667,1,1.66666666666667
"100","younger",7,4,0.333333333333333,-0.247011952191235,1,8,1,1.2,0,0.5,1.25,1.16666666666667
"101","younger",5,5,0.361111111111111,1.22727272727273,0,10,0,2.1,0.0833333333333333,0.458333333333333,1.5,2.5
"102","younger",3,7,0.694444444444444,-1.2,2,10,1,1.8,0.708333333333333,0.708333333333333,1.25,2.16666666666667
"103","younger",2,5,0.763888888888889,-0.642857142857143,1,11,1,2.4,0.791666666666667,0.791666666666667,1.25,3.16666666666667
"104","younger",3,7,0.875,-0.658227848101265,0,11,1,1.6,0.708333333333333,1,1,2
"105","younger",3,3,0.402777777777778,-0.666666666666666,1,6,0,1.6,0.416666666666667,0.416666666666667,1,2
"106","younger",5,5,0.75,-0.463768115942029,1,11,1,2.22222222222222,0.583333333333333,0.833333333333333,1.33333333333333,2.66666666666667
"107","younger",3,6,0.458333333333333,-0.863013698630137,2,11,1,2.1,0.0833333333333333,0.541666666666667,1.75,2.33333333333333
"108","younger",2,4,0.805555555555556,0.190909090909092,1,11,1,2.1,0.791666666666667,0.791666666666667,1.25,2.66666666666667
"109","younger",2,6,0.527777777777778,-1,1,8,0,2.1,0.625,0.541666666666667,2.25,2
"110","younger",3,6,0.597222222222222,-0.352941176470584,1,11,1,2.4,0.375,0.625,1.5,3
"111","younger",6,3,0.722222222222222,-0.111111111111113,3,11,1,2.22222222222222,0.541666666666667,0.916666666666667,1.33333333333333,2.66666666666667
"112","younger",3,4,0.5,-1.2,0,9,1,2.11111111111111,0.5,0.625,1.33333333333333,2.5
"113","younger",3,5,0.777777777777778,0.166666666666667,1,9,0,1.7,0.708333333333333,0.625,1.25,2
"114","younger",2,3,0.583333333333333,-1,1,8,0,2.11111111111111,0.333333333333333,0.833333333333333,1,2.66666666666667
"115","younger",5,3,0.805555555555556,-0.375,1,7,0,1.77777777777778,0.583333333333333,1,1.33333333333333,2
"116","younger",4,4,0.833333333333333,-1.4,1,9,1,3.11111111111111,1,0.75,2.66666666666667,3.33333333333333
"117","younger",2,4,0.583333333333333,NA,1,6,0,1,0.5,0.5,1,1
"118","younger",3,6,0.652777777777778,-0.999999999999999,0,11,1,1.8,0.583333333333333,0.708333333333333,1.25,2.16666666666667
"119","younger",6,5,0.305555555555556,-0.766233766233765,2,10,1,4.125,0.333333333333333,0.458333333333333,3.5,4.33333333333333
"120","younger",5,6,0.319444444444444,-0.208333333333335,0,10,1,2.625,0.333333333333333,0.416666666666667,2,3
"121","younger",3,6,0.597222222222222,-2.18518518518519,1,11,1,1.8,0.375,0.583333333333333,1,2.33333333333333
"122","younger",6,6,0.527777777777778,-0.628318584070796,3,10,1,3,0.708333333333333,0.5,3.25,2.8
"123","younger",3,5,0.736111111111111,1,1,11,1,1.1,0.583333333333333,0.791666666666667,1.25,1
"124","younger",1,7,0.833333333333333,-1.3125,0,9,1,1.6,0.583333333333333,0.916666666666667,1.5,1.66666666666667
"125","younger",7,6,0.333333333333333,-2.66666666666666,0,10,1,1.9,0,0.458333333333333,1.5,2.16666666666667
"126","younger",3,4,0.388888888888889,0.0243902439024389,0,11,1,2.1,0.208333333333333,0.416666666666667,1.75,2.33333333333333
"127","younger",5,4,0.680555555555556,-0.125000000000001,1,11,1,1.55555555555556,0.625,0.708333333333333,1,2
"128","younger",2,5,0.805555555555556,-0.143712574850299,0,11,1,1.22222222222222,0.583333333333333,0.833333333333333,1,1.33333333333333
"129","younger",3,6,0.75,-0.375000000000001,1,8,0,1.77777777777778,0.5,0.833333333333333,1.33333333333333,2
"130","younger",7,4,0.416666666666667,-0.194050991501416,4,10,1,2,0.0833333333333333,0.666666666666667,2.25,1.83333333333333
"131","younger",1,7,0.736111111111111,-1.2,1,11,1,1.75,0.458333333333333,0.833333333333333,1.66666666666667,1.8
"132","younger",6,5,0.486111111111111,-0.170212765957447,0,8,0,2.11111111111111,0.541666666666667,0.5,1.66666666666667,2.33333333333333
"133","younger",5,6,0.75,-0.617647058823531,0,9,1,2.66666666666667,0.583333333333333,0.833333333333333,2.33333333333333,2.83333333333333
"134","younger",5,7,0.666666666666667,-0.567839195979899,1,10,0,2,0.416666666666667,0.75,1,2.66666666666667
"135","younger",6,7,0.0833333333333333,-0.669744318181818,1,11,1,3.11111111111111,0,0.125,3,3.16666666666667
"136","younger",6,5,0.680555555555556,-0.49468085106383,0,11,1,2.22222222222222,0.208333333333333,0.916666666666667,1,2.83333333333333
"137","younger",4,5,0.902777777777778,0.000000000000000171912832151066,1,8,1,1.66666666666667,0.791666666666667,0.916666666666667,1,2
"138","younger",3,4,0.222222222222222,-0.0172413793103451,1,10,1,1.5,0,0.25,1.25,1.66666666666667
"139","younger",4,3,0.736111111111111,-0.0303030303030311,0,9,1,2,0.708333333333333,0.708333333333333,1.66666666666667,2.16666666666667
"140","younger",1,5,0.625,-0.285276073619632,1,10,1,2.77777777777778,0.208333333333333,0.666666666666667,1.66666666666667,3.33333333333333
"141","younger",1,6,0.652777777777778,NA,2,11,1,1.33333333333333,0.291666666666667,0.666666666666667,1,1.5
"142","younger",3,6,0.638888888888889,0.0470588235294121,3,11,1,2.9,0.708333333333333,1,2,3.5
"143","younger",4,6,0.569444444444444,-0.553333333333334,1,11,1,2.33333333333333,0.458333333333333,0.666666666666667,2,2.5
"144","younger",6,3,0.652777777777778,0.262499999999999,1,10,0,2.4,0.5,0.833333333333333,2,2.66666666666667
"145","younger",3,4,0.555555555555556,-0.278688524590164,1,7,0,1.6,0.375,0.583333333333333,1.75,1.5
"146","younger",1,7,0.958333333333333,-1.16847826086956,1,10,1,2.44444444444444,0.875,1,1.33333333333333,3
"147","younger",6,5,0.763888888888889,-0.947368421052631,2,11,1,2.44444444444444,0.666666666666667,0.875,2,2.66666666666667
"148","younger",4,4,0.736111111111111,-0.461538461538463,1,7,0,1.9,0.708333333333333,0.583333333333333,1.5,2.16666666666667
"149","younger",6,5,0.833333333333333,-0.714285714285713,1,10,0,2.33333333333333,0.791666666666667,0.875,2.33333333333333,2.33333333333333
"150","younger",5,6,0.722222222222222,-0.352941176470588,1,11,1,2.2,0.708333333333333,0.625,1.5,2.66666666666667
"151","younger",3,2,0.694444444444444,-0.571428571428575,0,8,0,2,0.5,0.75,1,2.5
"152","younger",3,4,0.902777777777778,-0.749999999999997,0,10,1,1.9,0.791666666666667,1,1.5,2.16666666666667
"153","younger",2,6,0.680555555555556,-0.41,1,10,1,2.9,0.416666666666667,0.916666666666667,2.25,3.33333333333333
"154","younger",3,4,0.916666666666667,0,0,9,1,2,1,1,1.66666666666667,2.16666666666667
"155","younger",7,4,0.166666666666667,-0.991150442477875,2,8,0,2.22222222222222,0,0.125,2,2.33333333333333
"156","younger",7,3,0.472222222222222,-1.14285714285714,3,10,1,2.2,0.0833333333333333,0.75,1,3
"157","younger",5,4,0.722222222222222,-0.365079365079365,0,8,0,1.6,0.583333333333333,0.833333333333333,1.5,1.66666666666667
"158","younger",5,3,0.5,-0.571428571428571,0,9,0,2.3,0.0833333333333333,0.833333333333333,1.5,2.83333333333333
"159","younger",2,7,1,-0.999999999999999,2,9,0,1.5,1,1,1.25,1.66666666666667
"160","younger",3,5,0.805555555555556,-0.609756097560975,0,10,0,2,0.583333333333333,0.916666666666667,1.33333333333333,2.33333333333333
"161","younger",3,5,0.680555555555556,-0.999999999999999,0,10,1,2.5,0.583333333333333,0.625,2.25,2.66666666666667
"162","younger",7,2,0.194444444444444,-0.326732673267327,3,2,0,1.8,0,0.25,1,2.33333333333333
"163","younger",3,5,0.486111111111111,0.853658536585365,0,10,1,2.22222222222222,0.333333333333333,0.666666666666667,1.33333333333333,2.66666666666667
"164","younger",1,3,0.736111111111111,-0.109589041095889,0,11,1,1.88888888888889,0.583333333333333,0.791666666666667,1.33333333333333,2.16666666666667
"165","younger",3,7,0.513888888888889,0.499999999999999,2,4,0,1.4,0.0833333333333333,0.75,1,1.66666666666667
"166","younger",5,7,0.555555555555556,-0.599999999999991,1,8,0,1.5,0,0.833333333333333,1,1.83333333333333
"167","younger",3,5,0.416666666666667,0.000000000000000135973995551052,1,11,1,1.5,0.208333333333333,0.375,1,1.83333333333333
"168","younger",3,5,0.722222222222222,-0.799999999999999,0,11,1,2,0.5,0.75,1.25,2.5
"169","younger",4,5,0.277777777777778,-0.599999999999999,0,10,1,2.55555555555556,0.208333333333333,0.291666666666667,1.66666666666667,3
"170","younger",2,6,0.875,-0.272727272727273,2,9,0,2,0.708333333333333,0.916666666666667,2.5,1.66666666666667
"171","younger",1,4,0.875,-2.27450980392157,1,11,1,1.6,0.791666666666667,0.916666666666667,1.25,1.83333333333333
"172","younger",1,4,0.819444444444444,0.333333333333333,1,10,1,1.9,0.791666666666667,0.833333333333333,1.75,2
"173","younger",3,7,0.763888888888889,-0.302325581395348,1,10,0,2.4,0.791666666666667,0.666666666666667,1.5,3
"174","younger",3,6,0.680555555555556,-0.632911392405064,1,9,0,2.44444444444444,0.583333333333333,0.833333333333333,1.66666666666667,2.83333333333333
"175","younger",6,5,0.569444444444444,-0.9375,2,11,1,1.7,0.458333333333333,0.833333333333333,1,2.16666666666667
"176","younger",2,6,0.833333333333333,0.249999999999998,0,10,1,1.88888888888889,0.791666666666667,0.875,1,2.33333333333333
"177","younger",2,6,0.861111111111111,0.249999999999999,0,10,1,1.3,0.791666666666667,0.791666666666667,1,1.5
"178","younger",4,6,0.777777777777778,-0.872611464968153,0,10,1,1.9,0.791666666666667,0.875,2,1.83333333333333
"179","younger",5,6,0.472222222222222,-0.607142857142857,3,7,0,2,0.583333333333333,0.541666666666667,1.5,2.33333333333333
"180","younger",3,5,0.888888888888889,-0.499999999999997,1,7,0,1.7,0.75,0.916666666666667,1.5,1.83333333333333
"181","younger",7,6,0.625,-0.318471337579617,2,9,1,2.2,0.416666666666667,1,1.5,2.66666666666667
"182","younger",3,5,0.819444444444444,-1.41044776119403,2,8,0,1.7,0.791666666666667,0.833333333333333,1.25,2
"183","younger",6,7,0.652777777777778,-1.18749999999999,1,8,1,1.16666666666667,0.291666666666667,0.666666666666667,1,1.2
"184","younger",5,3,0.625,0.562499999999998,2,11,1,2.3,0.5,0.625,1.5,2.83333333333333
"185","younger",1,5,0.847222222222222,-0.333333333333335,0,10,1,2.2,0.791666666666667,0.916666666666667,1,3
"186","younger",2,6,0.902777777777778,-1.51724137931034,0,10,1,2.3,0.791666666666667,1,1.75,2.66666666666667
"187","younger",4,4,0.611111111111111,0.333333333333341,0,9,0,1.5,0.5,0.708333333333333,1.25,1.66666666666667
"188","younger",1,4,0.652777777777778,-1.15384615384615,1,10,1,1.4,0.5,0.625,1,1.66666666666667
"189","younger",2,3,0.888888888888889,-0.999999999999997,1,9,0,1.1,0.791666666666667,1,1,1.16666666666667
"190","younger",1,3,0.527777777777778,-1.07042253521127,0,10,1,1.55555555555556,0,0.833333333333333,1,1.83333333333333
"191","younger",4,4,0.597222222222222,-0.231578947368421,2,8,0,1.8,0.5,0.5,1.5,2
"192","younger",3,3,0.819444444444444,NA,0,9,0,2,0.791666666666667,0.833333333333333,1,2.5
"193","younger",7,7,0.527777777777778,-0.170731707317073,0,11,1,2.44444444444444,0.5,0.541666666666667,1.66666666666667,2.83333333333333
"194","younger",7,5,0.611111111111111,-0.000000000000000344232245324959,1,9,0,2.125,0.375,0.625,1.5,2.33333333333333
"195","younger",3,7,0.291666666666667,0.282608695652174,0,10,1,3.22222222222222,0.208333333333333,0.458333333333333,3,3.33333333333333
"196","younger",7,4,0.777777777777778,-1.42857142857143,0,11,1,2.22222222222222,0.708333333333333,0.791666666666667,1.33333333333333,2.66666666666667
"197","younger",2,3,0.652777777777778,-0.899999999999998,2,10,1,1.4,0.5,0.541666666666667,1.5,1.33333333333333
"198","younger",1,6,0.652777777777778,-1.33333333333333,2,8,1,1.71428571428571,0.208333333333333,0.75,1,1.83333333333333
"199","younger",3,6,0.805555555555556,-0.666666666666669,1,11,1,2,0.791666666666667,0.916666666666667,1.5,2.33333333333333
"200","younger",2,6,0.666666666666667,-0.0714285714285717,1,10,1,1.875,0.416666666666667,0.666666666666667,1,2.16666666666667
"201","younger",7,7,0.708333333333333,-0.740837696335079,0,5,0,2.2,0.5,0.75,1.25,2.83333333333333
"202","younger",2,3,0.611111111111111,-0.324626865671641,0,11,1,1.8,0.5,0.708333333333333,1.25,2.16666666666667
"203","younger",2,3,0.5,-0.673913043478263,1,11,1,2,0.291666666666667,0.5,2,2
"204","younger",1,4,0.916666666666667,-0.457142857142857,0,11,1,1.75,0.75,1,1.5,1.83333333333333
"205","younger",3,3,0.861111111111111,-0.749999999999997,0,9,0,1.55555555555556,0.666666666666667,1,1.5,1.6
"206","younger",2,5,0.736111111111111,-1.10869565217391,0,10,1,1.6,0.75,0.75,1.5,1.66666666666667
"207","younger",1,5,0.652777777777778,-0.998823529411765,1,10,1,2.5,0.333333333333333,0.791666666666667,1.75,3
"208","younger",2,4,0.611111111111111,-0.296296296296297,1,0,0,1.5,0.291666666666667,0.75,1.5,1.5
"209","younger",3,6,0.777777777777778,-0.5,1,9,0,1.8,0.5,0.833333333333333,1,2.33333333333333
"210","younger",7,5,0.597222222222222,0.461538461538461,0,9,0,2,0.5,0.75,2.25,1.83333333333333
"211","younger",4,5,0.861111111111111,-3.25,1,10,0,1.5,0.75,0.833333333333333,1.25,1.66666666666667
"212","younger",5,6,0.638888888888889,-0.106524633821571,1,11,1,2.22222222222222,0.0833333333333333,0.916666666666667,1.33333333333333,2.66666666666667
"213","younger",2,6,0.763888888888889,0.101694915254237,0,11,1,1.55555555555556,0.625,0.75,1.66666666666667,1.5
"214","younger",3,5,0.652777777777778,-1.157805907173,1,11,1,1.7,0.208333333333333,0.75,1.25,2
"215","younger",2,3,0.972222222222222,NA,0,10,1,1.6,1,1,1,2
"216","younger",6,3,0.597222222222222,-0.272727272727273,1,10,1,3.11111111111111,0.416666666666667,0.708333333333333,2.33333333333333,3.5
"217","younger",3,6,0.694444444444444,-1.33333333333334,0,10,1,2.5,0.583333333333333,0.708333333333333,1.75,3
"218","younger",5,3,0.777777777777778,-0.333333333333333,2,10,1,1.8,0.625,0.833333333333333,1.25,2.16666666666667
"219","younger",7,4,0.694444444444444,-0.739130434782608,2,9,1,1.7,0.583333333333333,0.666666666666667,1.25,2
"220","younger",6,6,0.666666666666667,-0.877094972067039,0,9,0,2.11111111111111,0.333333333333333,0.833333333333333,1.33333333333333,2.5
"221","younger",6,6,0.805555555555556,0.399999999999999,0,11,1,2.88888888888889,0.583333333333333,1,1.66666666666667,3.5
"222","younger",3,5,0.722222222222222,-0.294117647058824,2,11,1,1.66666666666667,0.5,0.833333333333333,1,2
"223","younger",1,3,0.555555555555556,-1.07692307692308,1,11,1,2.1,0.208333333333333,0.625,1.5,2.5
"224","younger",2,6,0.583333333333333,0.0416666666666659,2,8,0,1.6,0.208333333333333,0.833333333333333,1.25,1.83333333333333
"225","younger",3,7,0.819444444444444,-0.144859813084112,1,11,1,1.7,0.708333333333333,0.833333333333333,1,2.16666666666667
"226","younger",5,5,0.888888888888889,NA,0,11,1,1.6,0.916666666666667,0.916666666666667,1.25,1.83333333333333
"227","younger",4,4,0.680555555555556,-0.000000000000000176635401601924,1,9,0,1.2,0.5,0.666666666666667,1,1.33333333333333
"228","younger",2,5,0.902777777777778,-1.22727272727273,0,8,1,2,0.708333333333333,1,1.33333333333333,2.33333333333333
"229","younger",1,7,0.680555555555556,-0.398996235884567,1,10,1,2.2,0.291666666666667,0.916666666666667,1.25,2.83333333333333
"230","younger",1,6,0.583333333333333,0.106382978723405,1,11,1,1.8,0.583333333333333,0.583333333333333,1.5,2
"231","younger",1,7,0.777777777777778,-0.0078864353312302,1,10,1,2.2,0.583333333333333,0.916666666666667,1,3
"232","younger",5,5,0.541666666666667,-0.610251450676982,1,10,1,2.5,0.416666666666667,0.666666666666667,1.5,3.16666666666667
"233","older",5,7,0.541666666666667,-0.236425339366516,2,11,1,1.3,0.458333333333333,0.708333333333333,1.5,1.16666666666667
"234","older",3,6,0.430555555555556,-1.11934156378601,2,11,1,2.77777777777778,0.416666666666667,0.416666666666667,1,3.66666666666667
"235","older",1,7,0.791666666666667,NA,2,5,0,1.375,0.625,0.75,1,1.6
"236","older",3,3,0.5,0.067172264355363,7,10,0,1.77777777777778,0.416666666666667,0.458333333333333,1,2.16666666666667
"237","older",2,3,0.763888888888889,0,3,9,0,1.44444444444444,0.708333333333333,0.583333333333333,1,1.66666666666667
"238","older",7,5,0.291666666666667,0.0000000000000000776994260291728,2,9,0,2,0.0833333333333333,0.458333333333333,1.75,2.16666666666667
"239","older",1,3,0.777777777777778,-0.625,2,10,1,1.66666666666667,0.5,0.916666666666667,1,2
"240","older",3,3,0.694444444444444,-0.184,3,11,1,2.33333333333333,0.5,0.75,1.33333333333333,2.83333333333333
"241","older",3,6,0.611111111111111,-1.61849710982659,5,11,1,2.33333333333333,0.5,0.833333333333333,1.5,3
"242","older",1,3,0.527777777777778,0.0000000000000000776994260291729,2,11,1,1.77777777777778,0.375,0.375,1,2.16666666666667
"243","older",4,7,0.375,1.66666666666667,2,10,1,2.7,0.291666666666667,0.541666666666667,3,2.5
"244","older",7,6,0.861111111111111,-1.25,5,6,0,2,0.666666666666667,0.916666666666667,1.5,2.33333333333333
"245","older",3,6,0.722222222222222,-0.584415584415584,4,10,1,2,0.625,0.708333333333333,1,2.6
"246","older",7,4,0.166666666666667,0.333333333333333,3,11,1,4.11111111111111,0,0.125,3.5,4.6
"247","older",3,5,0.638888888888889,0.181818181818182,8,11,1,1.9,0.291666666666667,0.708333333333333,1.5,2.16666666666667
"248","older",6,7,0.708333333333333,-0.5,2,11,1,2.11111111111111,0.5,0.625,1.33333333333333,2.5
"249","older",3,3,0.638888888888889,-0.749999999999999,4,11,1,1.5,0.375,0.625,1,1.66666666666667
"250","older",6,7,0.291666666666667,-0.365853658536585,3,10,1,3.22222222222222,0.208333333333333,0.208333333333333,2.33333333333333,3.66666666666667
"251","older",3,6,0.694444444444444,-1.11,5,10,1,2,0.5,0.75,1.33333333333333,2.33333333333333
"252","older",3,3,0.402777777777778,-0.401639344262294,4,9,0,1.8,0.291666666666667,0.375,1.25,2.16666666666667
"253","older",3,7,0.0833333333333333,-0.2,4,8,0,2.28571428571429,0,0,1,2.8
"254","older",2,7,0.75,NA,2,10,0,1.5,0.5,0.75,1.25,1.66666666666667
"255","older",3,5,0.819444444444444,-0.847826086956524,3,11,1,2.66666666666667,0.708333333333333,0.833333333333333,2.66666666666667,2.66666666666667
"256","older",1,3,0.763888888888889,-0.000000000000000993013661298909,8,9,1,1.22222222222222,0.625,0.75,1,1.33333333333333
"257","older",4,2,0.736111111111111,-0.477272727272727,3,9,1,1.8,0.625,0.833333333333333,1.5,2
"258","older",2,3,0.472222222222222,0.000000000000000181298660734736,2,10,0,1.55555555555556,0.208333333333333,0.75,1.33333333333333,1.66666666666667
"259","older",3,6,0.916666666666667,0.000000000000000108779196440844,3,9,0,1.42857142857143,0.833333333333333,0.916666666666667,1,1.5
"260","older",6,4,0.291666666666667,-0.276923076923077,5,11,1,1.75,0.0833333333333333,0.333333333333333,1.33333333333333,2
"261","older",2,6,0.75,-0.428571428571428,2,8,0,1.22222222222222,0.5,0.75,1,1.33333333333333
"262","older",2,5,0.722222222222222,-0.0235294117647059,5,9,0,1.22222222222222,0.5,0.75,1.25,1.2
"263","older",7,4,0.291666666666667,-0.391304347826086,4,8,1,2.44444444444444,0.0833333333333333,0.208333333333333,1.33333333333333,3
"264","older",4,2,0.694444444444444,-0.499999999999999,5,9,1,1.33333333333333,0.5,0.75,1,1.5
"265","older",5,5,0.361111111111111,-0.769230769230771,3,7,0,2.11111111111111,0.208333333333333,0.333333333333333,1.33333333333333,2.5
"266","older",6,7,0.5,0.0000000000000000754141487930203,9,10,1,2.22222222222222,0.291666666666667,0.541666666666667,1,2.83333333333333
"267","older",3,3,0.777777777777778,0.000000000000000194289029309403,2,5,0,1.33333333333333,0.5,0.916666666666667,1,1.4
"268","older",1,2,0.819444444444444,0.000000000000000275309304041024,5,7,0,1.2,0.708333333333333,0.833333333333333,1.25,1.16666666666667
"269","older",7,6,0.388888888888889,-2,4,5,0,1.9,0.208333333333333,0.416666666666667,1.5,2.16666666666667
"270","older",3,3,0.5,-0.264150943396227,7,8,0,1.88888888888889,0.291666666666667,0.541666666666667,1,2.33333333333333
"271","older",2,3,0.680555555555556,-0.514492753623189,5,10,0,1.8,0.5,0.625,1.25,2.16666666666667
"272","older",3,5,0.472222222222222,-0.500000000000003,3,11,1,1.44444444444444,0.5,0.375,1.25,1.6
"273","older",1,5,0.666666666666667,-0.00232558139534888,4,7,0,2.5,0.5,0.75,1.25,3.33333333333333
"274","older",3,5,0.472222222222222,0.269230769230769,4,9,0,1.9,0.291666666666667,0.291666666666667,1.25,2.33333333333333
"275","older",2,3,0.736111111111111,NA,7,9,0,1.22222222222222,0.416666666666667,0.875,1,1.33333333333333
"276","older",5,3,0.555555555555556,-0.85,3,6,0,1.7,0.291666666666667,0.541666666666667,1.25,2
"277","older",3,6,0.430555555555556,-0.000000000000000361888430622384,3,8,0,1.8,0.208333333333333,0.333333333333333,1,2.33333333333333
"278","older",3,5,0.375,0.0215517241379304,7,11,1,2.71428571428571,0.208333333333333,0.0833333333333333,1,3.4
"279","older",3,7,0.402777777777778,NA,2,8,0,1.77777777777778,0,0.458333333333333,1.33333333333333,2
"280","older",1,3,0.902777777777778,-1.06451612903226,3,11,1,1.7,0.708333333333333,1,1.25,2
"281","older",1,6,0.430555555555556,-0.782178217821782,5,9,0,1.7,0.5,0.375,1.25,2
"282","older",3,3,0.472222222222222,-0.689655172413792,2,7,0,1.6,0.0833333333333333,0.583333333333333,1,2
"283","older",7,5,0.472222222222222,-0.849999999999999,5,7,0,2,0.291666666666667,0.458333333333333,1.66666666666667,2.16666666666667
"284","older",2,6,0.263888888888889,0.0321782178217823,4,9,1,2.88888888888889,0.0833333333333333,0.208333333333333,2,3.33333333333333
"285","older",1,7,0.972222222222222,0.0000000000000000928602896446209,2,11,1,2.2,0.916666666666667,1,1,2.5
"286","older",2,3,0.694444444444444,-1.8,3,8,0,2.2,0.5,0.75,1.5,2.66666666666667
"287","older",2,3,0.638888888888889,-0.244444444444445,2,8,0,1.33333333333333,0.5,0.5,1,1.5
"288","older",3,3,0.736111111111111,-0.75,6,11,1,2.125,0.5,0.875,1.33333333333333,2.6
"289","older",1,3,0.680555555555556,0.000000000000000212788641706909,4,10,0,1.71428571428571,0.5,0.625,1,1.83333333333333
"290","older",2,3,0.472222222222222,-0.147058823529411,6,10,1,2,0.208333333333333,0.458333333333333,1,2.33333333333333
"291","older",5,6,0.791666666666667,-0.446808510638291,5,11,1,1.66666666666667,0.625,0.833333333333333,1.33333333333333,1.83333333333333
"292","older",1,5,0.611111111111111,-0.571428571428572,4,10,1,1.7,0.416666666666667,0.541666666666667,1.25,2
"293","older",3,5,0.75,0,2,11,1,2.44444444444444,0.583333333333333,0.833333333333333,1.66666666666667,2.83333333333333
"294","older",1,5,0.541666666666667,NA,3,9,1,1.57142857142857,0.125,0.5,1,1.8
"295","older",2,3,0.75,-1.5,4,9,1,1.5,0.75,0.75,1,1.83333333333333
"296","older",2,2,0.625,NA,5,11,1,1.55555555555556,0.375,0.75,1,1.83333333333333
"297","older",3,6,0.486111111111111,0.000000000000000108779196440844,4,3,0,1.66666666666667,0.375,0.25,1,2
"298","older",5,3,0.277777777777778,-0.654761904761905,4,11,1,1.88888888888889,0.208333333333333,0.208333333333333,1.66666666666667,2
"299","older",3,6,0.652777777777778,0.249999999999998,2,11,1,1.66666666666667,0.5,0.625,1,2
"300","older",1,6,0.458333333333333,-0.615825688073395,7,11,1,2.8,0.208333333333333,0.708333333333333,1.5,3.66666666666667
"301","older",2,3,0.708333333333333,0.0000000000000000834318593647785,2,9,1,2.2,0.583333333333333,0.708333333333333,1.25,2.83333333333333
"302","older",3,5,0.694444444444444,-0.758620689655174,5,11,1,1.7,0.5,0.75,1,2.16666666666667
"303","older",2,7,0.972222222222222,0.0666666666666666,4,9,0,1.55555555555556,1,1,1,1.83333333333333
"304","older",1,4,0.902777777777778,-0.000000000000000000000000000000110246663054138,5,8,0,1.33333333333333,0.791666666666667,0.916666666666667,1,1.5
"305","older",2,3,0.819444444444444,1,8,9,0,1.33333333333333,0.791666666666667,0.666666666666667,1,1.5
"306","older",2,5,0.5,-0.248259860788863,3,11,1,2.7,0.291666666666667,0.458333333333333,1.5,3.5
"307","older",1,3,0.75,-0.499999999999999,4,8,0,1,0.5,0.75,1,1
"308","older",5,4,0.638888888888889,-2,2,10,1,2.2,0.5,0.5,1.5,2.66666666666667
"309","older",3,6,0.638888888888889,-1.98598130841121,3,11,1,1.8,0.416666666666667,0.75,1,2.33333333333333
"310","older",2,3,0.777777777777778,-0.5,2,10,1,1.8,0.5,0.916666666666667,1.25,2.16666666666667
"311","older",1,5,0.75,-0.1,4,8,1,1.42857142857143,0.5,0.833333333333333,1,1.6
"312","older",6,7,0.625,0.0333333333333332,6,11,1,2.28571428571429,0.5,0.458333333333333,1.5,2.6
"313","older",2,2,0.597222222222222,-0.5625,5,11,1,1.88888888888889,0.416666666666667,0.625,1.33333333333333,2.16666666666667
"314","older",5,5,0.930555555555556,-0.00000000000000019424856507293,2,4,0,1.66666666666667,0.791666666666667,1,1,2
"315","older",1,2,0.541666666666667,-0.000000000000000257220855510431,6,9,0,1.5,0.208333333333333,0.416666666666667,1,1.83333333333333
"316","older",1,2,0.805555555555556,-2.57142857142857,4,9,1,1.22222222222222,0.583333333333333,0.833333333333333,1,1.33333333333333
"317","older",3,4,0.694444444444444,-0.2,2,10,1,1.8,0.5,0.833333333333333,1.25,2.16666666666667
"318","older",3,6,0.680555555555556,-0.869565217391307,8,9,1,1.77777777777778,0.208333333333333,0.916666666666667,1,2.16666666666667
"319","older",1,2,0.75,-0.00000000000000127675647831893,2,9,0,1.66666666666667,0.5,0.75,1.66666666666667,1.66666666666667
"320","older",6,7,0.430555555555556,-1.7,3,11,1,3.25,0.208333333333333,0.458333333333333,1,4
"321","older",1,2,0.694444444444444,NA,7,10,0,2.11111111111111,0.416666666666667,0.75,1.33333333333333,2.5
"322","older",4,7,1,NA,3,6,1,1.6,1,1,1,2
"323","older",3,5,0.708333333333333,-0.999999999999995,2,10,0,1,0.583333333333333,0.708333333333333,1,1
"324","older",2,2,0.527777777777778,0.0000000000000000776994260291727,2,10,1,2,0.208333333333333,0.458333333333333,1.66666666666667,2.16666666666667
"325","older",2,3,0.708333333333333,-0.000000000000000345946239369581,2,8,0,1.66666666666667,0.458333333333333,0.75,1,2
"326","older",2,7,0.888888888888889,0.0000000000000000132064627085525,4,10,1,1.11111111111111,0.75,1,1,1.16666666666667
"327","older",3,7,0.722222222222222,NA,3,11,1,2.11111111111111,0.416666666666667,0.916666666666667,1,2.66666666666667
"328","older",2,5,0.625,-0.545454545454546,3,8,0,1.88888888888889,0.416666666666667,0.625,1.66666666666667,2
"329","older",2,5,0.597222222222222,-0.25,3,11,1,2,0.291666666666667,0.75,1.33333333333333,2.33333333333333
"330","older",1,3,0.569444444444444,-0.578947368421053,2,9,1,2.4,0.291666666666667,0.666666666666667,1.5,3
"331","older",4,5,0.555555555555556,NA,2,7,0,1.125,0.208333333333333,0.458333333333333,1,1.16666666666667
"332","older",5,3,0.458333333333333,-0.999999999999999,2,9,0,1.33333333333333,0.208333333333333,0.625,1,1.5
"333","older",2,3,0.763888888888889,-0.580645161290323,2,11,1,1.55555555555556,0.541666666666667,0.75,1,1.83333333333333
"334","older",4,5,0.611111111111111,0.000000000000000135973995551052,2,8,0,1.66666666666667,0.0833333333333333,0.75,1,2
"335","older",2,3,0.722222222222222,-1.56521739130435,5,10,0,2.3,0.5,0.75,1.25,3
"336","older",1,5,0.666666666666667,-1.075,5,10,1,1.77777777777778,0.375,0.791666666666667,1.33333333333333,2
"337","older",5,7,0.597222222222222,-0.000000000000000502382745333797,2,11,1,1.55555555555556,0.208333333333333,0.666666666666667,1,1.83333333333333
"338","older",2,2,0.416666666666667,2,3,11,1,2.6,0,0.666666666666667,1.75,3.16666666666667
"339","older",4,3,0.763888888888889,-0.241379310344828,6,7,0,1.9,0.583333333333333,0.791666666666667,1.5,2.16666666666667
"340","older",3,6,0.694444444444444,0.777611940298507,3,11,1,2,0.5,0.791666666666667,1.25,2.5
"341","older",2,6,0.805555555555556,NA,3,7,0,1,0.5,0.916666666666667,1,1
"342","older",2,4,0.75,-0.295454545454545,4,11,1,1.55555555555556,0.5,0.833333333333333,1,1.83333333333333
"343","older",3,3,0.277777777777778,0.255319148936171,4,10,1,2.44444444444444,0.291666666666667,0.333333333333333,2,2.66666666666667
"344","older",3,7,0.888888888888889,-1.33333333333333,3,8,0,2,0.666666666666667,1,1,2.5
"345","older",1,5,0.75,NA,4,9,0,1.4,0.416666666666667,0.833333333333333,1,1.66666666666667
"346","older",3,4,0.666666666666667,0.000000000000000135973995551052,5,8,0,1.5,0.25,0.75,1,1.66666666666667
"347","older",3,2,0.222222222222222,-2.06756756756757,3,11,1,3.11111111111111,0.0833333333333333,0.208333333333333,1.66666666666667,3.83333333333333
"348","older",3,5,0.611111111111111,-0.516245487364621,4,10,1,1.77777777777778,0.291666666666667,0.625,1.25,2.2
"349","older",2,7,0.555555555555556,-0.625,5,9,0,2.1,0.291666666666667,0.541666666666667,1.25,2.66666666666667
"350","older",3,3,0.555555555555556,-0.833333333333333,5,9,0,1.77777777777778,0.416666666666667,0.666666666666667,1,2.16666666666667
"351","older",1,5,0.902777777777778,0.000000000000000181298660734736,6,6,0,1.6,0.791666666666667,0.916666666666667,1,2
"352","older",2,4,0.25,-0.1948051948052,2,8,0,2.375,0.208333333333333,0.208333333333333,1.66666666666667,2.8
"353","older",2,2,0.694444444444444,0.00000000000000012436763873044,5,8,1,1.33333333333333,0.5,0.666666666666667,1,1.5
"354","older",2,2,0.5,-2.5974025974026,6,9,0,1.4,0,0.583333333333333,1.25,1.5
"355","older",6,4,0.402777777777778,0.333333333333322,5,10,1,1.77777777777778,0.166666666666667,0.583333333333333,1.33333333333333,2
"356","older",3,1,0.791666666666667,0.0000000000000000472953028003659,3,6,0,1.6,0.875,0.708333333333333,1,2
"357","older",1,1,0.611111111111111,-1.2,5,5,0,2.2,0.375,0.625,1.75,2.5
"358","older",7,4,0.652777777777778,0.00000000000000639564154728853,4,7,0,2.77777777777778,0.5,0.708333333333333,1,3.66666666666667
"359","older",7,5,0.513888888888889,-1.5,4,7,0,2.125,0.291666666666667,0.666666666666667,1,2.8
"360","older",3,6,0.513888888888889,0.2,4,8,0,1.375,0.208333333333333,0.333333333333333,1,1.6
"361","older",1,5,0.694444444444444,-1.075,3,11,1,2,0.5,0.833333333333333,1,2.5
"362","older",1,3,0.652777777777778,-0.67741935483871,8,10,1,2.44444444444444,0.5,0.625,2.66666666666667,2.33333333333333
"363","older",3,3,0.555555555555556,-0.024390243902439,3,10,1,1.875,0.416666666666667,0.416666666666667,1,2.16666666666667
"364","older",2,2,0.680555555555556,-0.749999999999998,5,11,1,1.44444444444444,0.583333333333333,0.625,1,1.66666666666667
"365","older",5,3,0.722222222222222,-0.871794871794871,2,10,1,1.88888888888889,0.625,0.625,1.25,2.4
"366","older",3,5,0.694444444444444,-1,3,9,1,2,0.5,0.75,1.33333333333333,2.33333333333333
"367","older",3,5,0.625,-1.30544747081712,3,10,0,1.8,0.291666666666667,0.75,1,2.33333333333333
"368","older",4,6,0.75,-0.973684210526315,4,10,1,1.88888888888889,0.666666666666667,0.666666666666667,1.66666666666667,2
"369","older",2,5,0.708333333333333,-1,3,10,0,2,0.458333333333333,0.833333333333333,1.25,2.5
"370","older",2,2,0.652777777777778,0.306513409961686,9,6,0,1.875,0.625,0.5,1.33333333333333,2.2
"371","older",1,3,0.833333333333333,0.000000000000000135973995551052,3,9,1,1.5,0.5,1,1,1.66666666666667
"372","older",3,5,0.513888888888889,-0.333333333333335,8,11,1,2,0.375,0.541666666666667,1.25,2.5
"373","older",6,5,0.597222222222222,-0.857142857142856,3,8,1,1.9,0.5,0.708333333333333,1.25,2.33333333333333
"374","older",3,7,0.166666666666667,1.62676056338028,6,10,1,2.8,0,0.125,2.5,3
"375","older",1,6,0.694444444444444,-0.518518518518519,4,10,1,1.66666666666667,0.5,0.75,1,2.2
"376","older",2,6,0.763888888888889,-0.400000000000001,2,8,0,1.7,0.75,0.708333333333333,1,2.16666666666667
"377","older",1,3,0.763888888888889,-0.0188679245283034,3,11,1,2.1,0.541666666666667,0.833333333333333,1.25,2.66666666666667
"378","older",3,6,0.708333333333333,-0.000000000000000181298660734736,3,5,0,1.88888888888889,0.708333333333333,0.583333333333333,1.33333333333333,2.16666666666667
"379","older",6,4,0.111111111111111,0.333333333333334,3,11,1,3.33333333333333,0,0.0833333333333333,2.66666666666667,3.66666666666667
"380","older",2,7,0.652777777777778,NA,6,9,1,1.44444444444444,0.5,0.625,1,1.66666666666667
"381","older",3,5,0.555555555555556,-0.000000000000000157861508539201,8,9,1,2.44444444444444,0.166666666666667,0.583333333333333,1,3.16666666666667
"382","older",2,5,0.597222222222222,0.0000000000000000388497130145862,3,11,1,1.66666666666667,0.5,0.625,1,2
"383","older",5,3,0.583333333333333,-0.115384615384615,6,8,0,1.3,0.291666666666667,0.833333333333333,1.25,1.33333333333333
"384","older",1,4,0.611111111111111,-0.999999999999999,2,9,1,1.375,0.416666666666667,0.583333333333333,1,1.6
"385","older",2,7,0.652777777777778,0.928571428571426,7,11,1,2,0.208333333333333,0.75,1,2.5
"386","older",1,6,0.805555555555556,-0.999999999999999,2,7,0,1,0.583333333333333,0.833333333333333,1,1
"387","older",1,3,0.694444444444444,-1.66666666666668,2,7,0,1.66666666666667,0.666666666666667,0.583333333333333,1.33333333333333,1.83333333333333
"388","older",7,6,0.611111111111111,-0.0476190476190476,4,9,0,1.66666666666667,0.375,0.708333333333333,1,2
"389","older",7,3,0.347222222222222,-0.46178756476684,7,11,1,2,0.208333333333333,0.25,1,2.66666666666667
"390","older",1,3,0.958333333333333,0.246153846153846,4,11,1,1.3,0.875,1,1.25,1.33333333333333
"391","older",1,7,0.680555555555556,-0.392857142857147,3,11,1,2,0.5,0.625,1.66666666666667,2.16666666666667
"392","older",3,3,0.444444444444444,-0.25,3,9,1,1.6,0.208333333333333,0.541666666666667,1,2
"393","older",5,5,0.666666666666667,0.000000000000000197195830044227,5,9,1,2.5,0.291666666666667,0.875,2,2.83333333333333
"394","older",3,2,0.680555555555556,-1.10714285714286,3,9,1,1.8,0.291666666666667,0.916666666666667,1.25,2.16666666666667
"395","older",2,3,0.680555555555556,NA,7,8,0,1.22222222222222,0.5,0.625,1,1.33333333333333
"396","older",3,3,0.555555555555556,-0.499999999999999,8,11,1,2.11111111111111,0.208333333333333,0.458333333333333,1.33333333333333,2.5
"397","older",6,3,0.597222222222222,NA,3,11,1,1.66666666666667,0.375,0.75,1,2
"398","older",6,5,0.75,-0.999999999999999,5,9,1,1.66666666666667,0.583333333333333,0.75,1,2
"399","older",2,6,0.75,-0.25,2,10,1,1.71428571428571,0.416666666666667,0.833333333333333,1,2
"400","older",7,5,0.236111111111111,-0.526315789473684,2,7,0,2.88888888888889,0,0.25,3,2.83333333333333
"401","older",3,2,0.75,-0.192307692307692,4,8,0,1.44444444444444,0.5,0.75,1,1.66666666666667
"402","older",1,7,0.861111111111111,-0.2,4,7,0,1.22222222222222,0.583333333333333,1,1.33333333333333,1.16666666666667
"403","older",1,7,0.847222222222222,-1.82352941176471,5,11,1,1,0.833333333333333,0.791666666666667,1,1
"404","older",6,3,0.319444444444444,-0.454545454545455,3,10,1,1.66666666666667,0.208333333333333,0.416666666666667,1.33333333333333,1.83333333333333
"405","older",1,5,0.555555555555556,0.000000000000000054389598220421,7,10,0,1.44444444444444,0.0833333333333333,0.583333333333333,1,1.66666666666667
"406","older",2,5,0.569444444444444,-0.0232558139534884,4,9,1,1.6,0.416666666666667,0.583333333333333,1,2
"407","older",5,6,0.680555555555556,-1.375,6,10,1,1.66666666666667,0.291666666666667,0.75,1.33333333333333,1.83333333333333
"408","older",2,7,0.708333333333333,-0.600000000000002,4,11,1,1.71428571428571,0.5,0.625,1,2
"409","older",1,3,0.819444444444444,-3,3,9,0,2.11111111111111,0.708333333333333,0.833333333333333,1.66666666666667,2.33333333333333
"410","older",7,4,0.416666666666667,0.136363636363634,6,9,1,2.11111111111111,0.208333333333333,0.458333333333333,1,2.66666666666667
"411","older",5,3,0.638888888888889,0.000000000000000135973995551053,4,4,0,2.1,0.375,0.708333333333333,2,2.16666666666667
"412","older",4,3,0.708333333333333,-0.533333333333334,2,7,0,1.5,0.5,0.708333333333333,1.25,1.66666666666667
"413","older",3,3,0.736111111111111,-1,4,11,1,1.625,0.291666666666667,0.916666666666667,3,1.16666666666667
"414","older",2,3,0.638888888888889,-1,3,10,0,2.22222222222222,0.291666666666667,0.625,1.33333333333333,2.66666666666667
"415","older",3,5,0.805555555555556,1.26315789473685,4,11,1,1.6,0.708333333333333,0.791666666666667,1,2
"416","older",4,5,0.847222222222222,-0.438596491228073,2,8,0,2.4,0.791666666666667,0.916666666666667,1.25,3.16666666666667
"417","older",7,5,0.222222222222222,-0.362499999999999,5,10,1,2.33333333333333,0,0.208333333333333,1,3.4
"418","older",1,5,0.75,-1.81818181818182,6,10,1,1.88888888888889,0.5,0.833333333333333,1.33333333333333,2.16666666666667
"419","older",1,3,0.652777777777778,NA,4,10,1,1.55555555555556,0.5,0.625,1,1.83333333333333
"420","older",3,3,0.694444444444444,-0.0000000000000000176086169447375,3,7,0,1.7,0.416666666666667,0.833333333333333,1,2.16666666666667
"421","older",2,2,0.347222222222222,-0.291666666666667,5,6,0,2,0.291666666666667,0.208333333333333,1.25,2.5
"422","older",5,7,0.305555555555556,-0.662921348314607,2,9,1,1.55555555555556,0.0833333333333333,0.458333333333333,1,2
"423","older",3,3,0.555555555555556,0.000000000000000181186609566344,3,9,0,1.88888888888889,0.208333333333333,0.541666666666667,1.33333333333333,2.16666666666667
"424","older",3,2,0.625,-0.838771593090211,2,8,0,1.9,0.208333333333333,0.833333333333333,1.25,2.33333333333333
"425","older",2,5,0.680555555555556,-1.14285714285714,4,11,1,1.66666666666667,0.375,0.833333333333333,1,2
"426","older",1,5,0.791666666666667,-0.550000000000003,4,11,1,1.33333333333333,0.625,0.833333333333333,1,1.5
"427","older",2,5,0.722222222222222,-0.5,4,9,1,1.33333333333333,0.5,0.75,1,1.5
"428","older",5,3,0.75,1,5,8,1,2,0.416666666666667,0.833333333333333,1.5,2.33333333333333
"429","older",3,5,0.611111111111111,0.000000000000000108779196440844,4,10,0,1.88888888888889,0.375,0.625,1.66666666666667,2
"430","older",3,3,0.777777777777778,-0.90909090909091,7,11,1,1.88888888888889,0.583333333333333,0.833333333333333,1.33333333333333,2.16666666666667
"431","older",3,3,0.583333333333333,0.352112676056338,3,9,0,1.8,0.416666666666667,0.666666666666667,1.25,2.16666666666667
"432","older",6,7,0.458333333333333,-0.0000000000000000543895982204202,4,10,0,1.4,0.416666666666667,0.291666666666667,1,1.66666666666667
"433","older",3,4,0.458333333333333,0,3,9,0,2.22222222222222,0.291666666666667,0.416666666666667,1.33333333333333,2.66666666666667
"434","older",1,3,0.75,-0.500000000000003,2,11,1,1.5,0.5,0.833333333333333,1,1.83333333333333
"435","older",1,3,0.597222222222222,-0.012987012987013,4,10,0,1.22222222222222,0.208333333333333,0.583333333333333,1,1.33333333333333
"436","older",2,4,0.569444444444444,-0.557377049180328,5,11,1,1.9,0.458333333333333,0.5,1.5,2.16666666666667
"437","older",6,3,0.625,-0.909090909090908,7,9,1,1.44444444444444,0.208333333333333,0.75,1.33333333333333,1.5
"438","older",1,2,0.722222222222222,-0.000000000000000237954492214341,2,7,0,1.625,0.5,0.75,1.33333333333333,1.8
"439","older",3,5,0.625,-2.1235294117647,5,11,1,2.55555555555556,0.416666666666667,0.625,1.33333333333333,3.16666666666667
"440","older",4,2,0.75,-0.882352941176469,2,7,0,1.7,0.5,0.75,1,2.16666666666667
"441","older",3,5,0.805555555555556,-0.1875,4,7,0,1.8,0.5,0.916666666666667,1.25,2.16666666666667
"442","older",1,2,0.75,0,2,7,1,1.1,0.5,0.75,1,1.16666666666667
"443","older",1,3,0.763888888888889,-0.000000000000000104083408558609,4,11,1,1.55555555555556,0.5,0.791666666666667,1,1.83333333333333
"444","older",2,3,0.361111111111111,0.329787234042553,3,11,1,1.75,0.208333333333333,0.291666666666667,1,2
"445","older",1,5,0.611111111111111,-0.000000000000000186964243882696,3,10,1,1.66666666666667,0.208333333333333,0.708333333333333,1,1.8
"446","older",2,5,0.652777777777778,0.5,4,10,1,1.8,0.5,0.625,1.25,2.16666666666667
"447","older",3,4,0.541666666666667,-0.321428571428572,5,9,0,1.6,0.5,0.5,1,2
"448","older",2,3,0.680555555555556,-0.335724533715925,3,10,1,1.6,0.416666666666667,0.708333333333333,1.5,1.66666666666667
"449","older",6,5,0.430555555555556,-1.41013824884792,3,3,0,1.88888888888889,0.416666666666667,0.416666666666667,1.33333333333333,2.16666666666667
"450","older",4,5,0.486111111111111,-0.935916542473919,6,9,0,2.25,0.208333333333333,0.583333333333333,1,2.66666666666667
"451","older",1,7,0.736111111111111,-0.0714285714285715,4,9,0,1.125,0.541666666666667,0.666666666666667,1,1.16666666666667
"452","older",1,2,0.819444444444444,-1.20689655172414,3,11,1,1.7,0.708333333333333,0.833333333333333,1,2.16666666666667
"453","older",6,5,0.638888888888889,-0.686666666666666,3,11,1,1.88888888888889,0.666666666666667,0.416666666666667,1.33333333333333,2.16666666666667
"454","older",3,2,0.597222222222222,-0.999999999999999,4,7,0,1.55555555555556,0.25,0.625,1,1.83333333333333
"455","older",5,5,0.472222222222222,-0.3,7,11,1,1.66666666666667,0.291666666666667,0.291666666666667,1.33333333333333,1.83333333333333
"456","older",5,3,0.583333333333333,0,13,11,1,1.66666666666667,0.416666666666667,0.416666666666667,1,2
"457","older",5,6,0.472222222222222,-1.3167701863354,3,11,1,2.22222222222222,0,0.583333333333333,1.66666666666667,2.5
"458","older",1,3,0.805555555555556,-0.750000000000001,5,10,1,2.11111111111111,0.666666666666667,0.833333333333333,1.33333333333333,2.5
"459","older",5,2,0.847222222222222,-0.219512195121951,3,9,0,1.55555555555556,0.708333333333333,0.916666666666667,1.33333333333333,1.66666666666667
"460","older",5,5,1,-2,7,9,1,2.1,1,1,1.5,2.5
"461","older",2,4,0.625,0.28759244042728,3,8,0,2.5,0.5,0.708333333333333,1.75,3
"462","older",3,7,0.611111111111111,0.000000000000000135973995551054,5,10,1,2.125,0.375,0.458333333333333,2.5,2
"463","older",3,3,0.652777777777778,-0.000000000000000181298660734735,5,7,0,1.7,0.375,0.75,1,2.16666666666667
"464","older",1,5,0.638888888888889,-0.617647058823529,3,10,0,1.77777777777778,0.5,0.666666666666667,1,2.16666666666667
"465","older",1,5,0.680555555555556,0.333333333333333,5,10,1,1.9,0.458333333333333,0.75,1,2.5
"466","older",4,3,0.75,0.142857142857144,4,5,0,2.3,0.625,0.625,2,2.5
"467","older",4,3,0.722222222222222,-0.5,4,11,1,2.11111111111111,0.5,0.75,1,2.66666666666667
"468","older",2,6,0.722222222222222,-0.464285714285714,3,10,0,2,0.5,0.75,1.5,2.33333333333333
"469","older",2,2,0.75,-0.0588235294117653,3,10,1,1.11111111111111,0.583333333333333,0.75,1,1.16666666666667
